AOL,Course Code,Course Name,Exam Board,KS,Label,Provider,School,School Id,Subject2,Year,Pupils
LLW,601/8497/8,OCN NI Level 2 Certificate in Information Technology Applications,OCN,4,A,Own School,St Patrick's Academy (Lisburn),4230165,ICT,11,15
LLW,601/8497/8,OCN NI Level 2 Certificate in Information Technology Applications,OCN,4,A,Own School,Larne High School,3210038,ICT,11,35
LLW,601/8497/8,OCN NI Level 2 Certificate in Information Technology Applications,OCN,4,A,Own School,Cullybackey College,3210172,ICT,11,15
LLW,601/8497/8,OCN NI Level 2 Certificate in Information Technology Applications,OCN,4,A,Own School,St Mary's High (Newry),5230108,ICT,11,17
LLW,601/8497/8,OCN NI Level 2 Certificate in Information Technology Applications,OCN,4,A,Own School,St Colman's High School,4230161,ICT,11,47
LLW,601/8497/8,OCN NI Level 2 Certificate in Information Technology Applications,OCN,4,A,Own School,Drumglass High,5210231,ICT,11,8
LLW,601/8497/8,OCN NI Level 2 Certificate in Information Technology Applications,OCN,4,A,Own School,Limavady High School,2210302,ICT,11,127
LLW,601/8497/8,OCN NI Level 2 Certificate in Information Technology Applications,OCN,4,A,Own School,Holy Cross College,2230301,ICT,11,43
LLW,601/8497/8,OCN NI Level 2 Certificate in Information Technology Applications,OCN,4,A,Own School,Priory Integrated College,4250024,ICT,11,40
LLW,601/8497/8,OCN NI Level 2 Certificate in Information Technology Applications,OCN,4,A,Own School,Blackwater Integrated College,4260309,ICT,11,14
LLW,601/8497/8,OCN NI Level 2 Certificate in Information Technology Applications,OCN,4,A,Own School,St Killian's College,3230310,ICT,11,19
LLW,601/8497/8,OCN NI Level 2 Certificate in Information Technology Applications,OCN,4,A,Own School,De La Salle College,1230182,ICT,11,22
LLW,601/8497/8,OCN NI Level 2 Certificate in Information Technology Applications,OCN,4,A,Own School,Ballymoney High School,3210133,ICT,11,140
LLW,601/8497/8,OCN NI Level 2 Certificate in Information Technology Applications,OCN,4,A,Own School,Movilla High School,4210012,ICT,11,42
LLW,601/8497/8,OCN NI Level 2 Certificate in Information Technology Applications,OCN,4,A,Own School,St Joseph's Boys' School,2230131,ICT,11,76
LLW,601/8497/8,OCN NI Level 2 Certificate in Information Technology Applications,OCN,4,A,Own School,Lismore Comprehensive,5230213,ICT,11,16
LLW,601/8497/8,OCN NI Level 2 Certificate in Information Technology Applications,OCN,4,A,Own School,Sacred Heart College,2230298,ICT,11,25
LLW,601/8497/8,OCN NI Level 2 Certificate in Information Technology Applications,OCN,4,A,Own School,Craigavon Senior High School,5210282,ICT,11,90
LLW,601/8497/8,OCN NI Level 2 Certificate in Information Technology Applications,OCN,4,A,Own School,Dean Maguirc College,2230138,ICT,11,49
LLW,601/8497/8,OCN NI Level 2 Certificate in Information Technology Applications,OCN,4,A,Own School,Blessed Trinity College,1230321,ICT,11,83
LLW,601/8497/8,OCN NI Level 2 Certificate in Information Technology Applications,OCN,4,A,Own School,Our Lady of Lourdes High School,3230075,ICT,11,22
LLW,601/8497/8,OCN NI Level 2 Certificate in Information Technology Applications,OCN,4,A,Own School,Saintfield High School,4210063,ICT,11,22
LLW,601/8497/8,OCN NI Level 2 Certificate in Information Technology Applications,OCN,4,A,Own School,St Patrick's College (Dungannon),5230293,ICT,11,32
LLW,601/8497/8,OCN NI Level 2 Certificate in Information Technology Applications,OCN,4,A,Own School,Lagan College,4260255,ICT,11,9
LLW,601/8497/8,OCN NI Level 2 Certificate in Information Technology Applications,OCN,4,A,Collaboration with other school,St Joseph's College (Enniskillen),2230100,ICT,11,12
LLW,601/8497/8,OCN NI Level 2 Certificate in Information Technology Applications,OCN,4,A,Own School,All Saints College,1230324,ICT,11,78
LLW,601/8497/8,OCN NI Level 2 Certificate in Information Technology Applications,OCN,4,A,Own School,St Patrick's College (Dungiven),2230144,ICT,11,24
LLW,601/8497/8,OCN NI Level 2 Certificate in Information Technology Applications,OCN,4,A,Own School,Rathfriland High,5210127,ICT,11,18
LLW,601/8497/8,OCN NI Level 2 Certificate in Information Technology Applications,OCN,4,A,Own School,Hazelwood Integrated College,1260269,ICT,11,54
LLW,601/8497/8,OCN NI Level 2 Certificate in Information Technology Applications,OCN,4,A,Own School,Ashfield Girls' High School,1210014,ICT,11,56
LLW,601/8497/8,OCN NI Level 2 Certificate in Information Technology Applications,OCN,4,A,Own School,Ulidia Integrated College,3260299,ICT,11,20
LLW,601/8497/8,OCN NI Level 2 Certificate in Information Technology Applications,OCN,4,A,Own School,St Genevieve's High,1230155,ICT,11,35
LLW,601/8497/8,OCN NI Level 2 Certificate in Information Technology Applications,OCN,4,A,Own School,Cookstown High,5210230,ICT,11,6
LLW,601/8497/8,OCN NI Level 2 Certificate in Information Technology Applications,OCN,4,A,Own School,Abbey Community College,3210313,ICT,11,112
LLW,601/8497/8,OCN NI Level 2 Certificate in Information Technology Applications,OCN,4,A,Own School,St Ronan's College,5420314,ICT,11,100
LLW,601/8497/8,OCN NI Level 2 Certificate in Information Technology Applications,OCN,4,A,Own School,St Mark's High,5230135,ICT,11,43
LLW,601/8497/8,OCN NI Level 2 Certificate in Information Technology Applications,OCN,4,A,Own School,Lisnagarvey High School,4210051,ICT,11,105
LLW,601/8497/8,OCN NI Level 2 Certificate in Information Technology Applications,OCN,4,A,Own School,St Joseph's High (Crossmaglen),5230167,ICT,11,21
LLW,601/8497/8,OCN NI Level 2 Certificate in Information Technology Applications,OCN,4,A,Own School,St Columba's College,4230067,ICT,11,20
LLW,601/8497/8,OCN NI Level 2 Certificate in Information Technology Applications,OCN,4,A,Own School,St Patrick's High (Keady),5230187,ICT,11,48
LLW,601/8497/8,OCN NI Level 2 Certificate in Information Technology Applications,OCN,4,A,Own School,St Mary's Limavady,2230077,ICT,11,69
LLW,601/8497/8,OCN NI Level 2 Certificate in Information Technology Applications,OCN,4,A,Own School,St Ciaran's College,5230152,ICT,11,21
LLW,601/8497/8,OCN NI Level 2 Certificate in Information Technology Applications,OCN,4,A,Own School,Belfast Boys' Model School,1210022,ICT,11,61
LLW,601/8497/8,OCN NI Level 2 Certificate in Information Technology Applications,OCN,4,A,Own School,St Patrick's Grammar (Armagh),5420268,ICT,11,23
LLW,601/8497/8,OCN NI Level 2 Certificate in Information Technology Applications,OCN,4,A,Own School,Dunluce School,3210222,ICT,11,22
LLW,601/8497/8,OCN NI Level 2 Certificate in Information Technology Applications,OCN,4,A,Own School,Malone College,1260294,ICT,11,59
LLW,601/8497/8,OCN NI Level 2 Certificate in Information Technology Applications,OCN,4,A,Own School,St Louis' Grammar School,5420045,ICT,11,15
LLW,601/8497/8,OCN NI Level 2 Certificate in Information Technology Applications,OCN,4,A,Own School,St Joseph's College,1230275,ICT,11,23
LLW,601/8497/8,OCN NI Level 2 Certificate in Information Technology Applications,OCN,4,A,Own School,Belfast Model School for Girls,1210021,ICT,11,61
LLW,601/8497/8,OCN NI Level 2 Certificate in Information Technology Applications,OCN,4,A,Own School,Magherafelt High School,3210035,ICT,11,11
LLW,601/8497/8,OCN NI Level 2 Certificate in Information Technology Applications,OCN,4,A,Own School,St Kevin's College,2230322,ICT,11,11
LLW,601/8497/8,OCN NI Level 2 Certificate in Information Technology Applications,OCN,4,A,Own School,St Conor's College,3230318,ICT,11,9
LLW,601/8497/8,OCN NI Level 2 Certificate in Information Technology Applications,OCN,4,A,Own School,Breda Academy,4210316,ICT,11,14
LLW,601/8497/8,OCN NI Level 2 Certificate in Information Technology Applications,OCN,4,A,Own School,Dominican College,3420068,ICT,11,15
LLW,601/8497/8,OCN NI Level 2 Certificate in Information Technology Applications,OCN,4,A,Own School,City of Armagh High School,5210121,ICT,11,17
LLW,601/8497/8,OCN NI Level 2 Certificate in Information Technology Applications,OCN,4,A,Own School,St Patrick's College,3230234,ICT,11,27
LLW,601/8497/8,OCN NI Level 2 Certificate in Information Technology Applications,OCN,4,A,Own School,St Paul's High (Bessbrook),5230157,ICT,11,46
LLW,601/8497/8,OCN NI Level 2 Certificate in Information Technology Applications,OCN,4,A,Own School,Strabane Academy,2410311,ICT,11,31
LLW,601/8497/8,OCN NI Level 2 Certificate in Information Technology Applications,OCN,4,A,Own School,St Benedict's College,3230308,ICT,11,20
LLW,601/8497/8,OCN NI Level 2 Certificate in Information Technology Applications,OCN,4,A,Own School,Coleraine College,3210300,ICT,11,20
LLW,601/8497/8,OCN NI Level 2 Certificate in Information Technology Applications,OCN,4,A,Own School,St Mary's Christian Brothers' Grammar School,1420021,ICT,11,12
LLW,601/8497/8,OCN NI Level 2 Certificate in Information Technology Applications,OCN,4,A,Own School,Aughnacloy College,5210153,ICT,11,21
LLW,601/8497/8,OCN NI Level 2 Certificate in Information Technology Applications,OCN,4,A,Own School,St John the Baptist College,5230321,ICT,11,30
LLW,601/8497/8,OCN NI Level 2 Certificate in Information Technology Applications,OCN,4,A,Own School,Mercy College,1230104,ICT,11,13
LLW,601/8497/8,OCN NI Level 2 Certificate in Information Technology Applications,OCN,4,A,Collaboration with other school,St Fanchea's College,2230099,ICT,11,3
LLW,601/8497/8,OCN NI Level 2 Certificate in Information Technology Applications,OCN,4,A,Own School,Nendrum College,4210045,ICT,11,17
LLW,601/8497/8,OCN NI Level 2 Certificate in Information Technology Applications,OCN,4,A,Own School,St Patrick's & St Brigid's College,2230122,ICT,11,17
ST,500/6743/6,OCR Level 2 ITQ Certificate in IT User Skills (QCF),OCR,4,A,Own School,St Colm's High School (Twinbrook),4230223,ICT,11,38
ST,600/6071/2,Pearson BTEC Level 1 Level 2 First Certificate in Information and Creative Technology,Pearson,4,A,Own School,Blackwater Integrated College,4260309,ICT,11,12
ST,600/6071/2,Pearson BTEC Level 1 Level 2 First Certificate in Information and Creative Technology,Pearson,4,A,Own School,Hazelwood Integrated College,1260269,ICT,11,52
ST,600/6071/2,Pearson BTEC Level 1 Level 2 First Certificate in Information and Creative Technology,Pearson,4,A,Own School,St Colmcille's High School,4230102,ICT,11,20
ST,600/6071/2,Pearson BTEC Level 1 Level 2 First Certificate in Information and Creative Technology,Pearson,4,A,Own School,Cookstown High,5210230,ICT,11,39
ST,600/6071/2,Pearson BTEC Level 1 Level 2 First Certificate in Information and Creative Technology,Pearson,4,A,Own School,Carrickfergus Academy,3210323,ICT,11,35
ST,500/7832/X,Pearson BTEC Level 2 Certificate for IT Users (ITQ) (QCF),Pearson,4,A,Own School,Glengormley High School,3210202,ICT,11,74
ST,500/7832/X,Pearson BTEC Level 2 Certificate for IT Users (ITQ) (QCF),Pearson,4,A,Own School,Dromore High,5210064,ICT,11,24
ST,500/7832/X,Pearson BTEC Level 2 Certificate for IT Users (ITQ) (QCF),Pearson,4,A,Own School,St Columbanus' College,4230107,ICT,11,54
ST,500/7832/X,Pearson BTEC Level 2 Certificate for IT Users (ITQ) (QCF),Pearson,4,A,Own School,Bangor Academy & Sixth Form College,4210296,ICT,11,41
ST,600/4789/6,Pearson Edexcel BTEC Level 1 Level 2 First Award in Information and Creative Technology,Pearson,4,A,Own School,Nendrum College,4210045,ICT,11,18
ST,600/4789/6,Pearson Edexcel BTEC Level 1 Level 2 First Award in Information and Creative Technology,Pearson,4,A,Own School,Priory Integrated College,4250024,ICT,11,19
ST,600/4789/6,Pearson Edexcel BTEC Level 1 Level 2 First Award in Information and Creative Technology,Pearson,4,A,Own School,Rathfriland High,5210127,ICT,11,19
ST,600/4789/6,Pearson Edexcel BTEC Level 1 Level 2 First Award in Information and Creative Technology,Pearson,4,A,Own School,Devenish College,2210312,ICT,11,27
ST,600/4789/6,Pearson Edexcel BTEC Level 1 Level 2 First Award in Information and Creative Technology,Pearson,4,A,Own School,New-Bridge Integrated College,5260285,ICT,11,45
ST,600/4789/6,Pearson Edexcel BTEC Level 1 Level 2 First Award in Information and Creative Technology,Pearson,4,A,Own School,Parkhall College,3250207,ICT,11,15
ST,600/4789/6,Pearson Edexcel BTEC Level 1 Level 2 First Award in Information and Creative Technology,Pearson,4,A,Own School,Lisneal College,2210306,ICT,11,66
ST,600/4789/6,Pearson Edexcel BTEC Level 1 Level 2 First Award in Information and Creative Technology,Pearson,4,A,Own School,Glastry College,4210046,ICT,11,48
ST,600/4789/6,Pearson Edexcel BTEC Level 1 Level 2 First Award in Information and Creative Technology,Pearson,4,A,Own School,Holy Trinity College,5230278,ICT,11,65
ST,600/4789/6,Pearson Edexcel BTEC Level 1 Level 2 First Award in Information and Creative Technology,Pearson,4,A,Own School,St Brigid's College (Derry),2230225,ICT,11,21
ST,600/4789/6,Pearson Edexcel BTEC Level 1 Level 2 First Award in Information and Creative Technology,Pearson,4,A,Own School,St Kevin's College,2230322,ICT,11,11
ST,600/4789/6,Pearson Edexcel BTEC Level 1 Level 2 First Award in Information and Creative Technology,Pearson,4,A,Own School,St Joseph's College (Coalisland),5230192,ICT,11,17
ST,600/4789/6,Pearson Edexcel BTEC Level 1 Level 2 First Award in Information and Creative Technology,Pearson,4,A,Own School,Lismore Comprehensive,5230213,ICT,11,95
ST,600/4789/6,Pearson Edexcel BTEC Level 1 Level 2 First Award in Information and Creative Technology,Pearson,4,A,Own School,Banbridge High,5210047,ICT,11,69
ST,600/4789/6,Pearson Edexcel BTEC Level 1 Level 2 First Award in Information and Creative Technology,Pearson,4,A,Own School,Edmund Rice College,3230203,ICT,11,48
ST,600/4789/6,Pearson Edexcel BTEC Level 1 Level 2 First Award in Information and Creative Technology,Pearson,4,A,Own School,Dundonald High School,4210262,ICT,11,39
ST,600/4789/6,Pearson Edexcel BTEC Level 1 Level 2 First Award in Information and Creative Technology,Pearson,4,A,Own School,Ashfield Boys' High School,1210015,ICT,11,129
ST,600/4789/6,Pearson Edexcel BTEC Level 1 Level 2 First Award in Information and Creative Technology,Pearson,4,A,Own School,Sacred Heart College,2230298,ICT,11,68
ST,600/4789/6,Pearson Edexcel BTEC Level 1 Level 2 First Award in Information and Creative Technology,Pearson,4,A,Own School,St Mary's High School (Downpatrick),4230023,ICT,11,19
ST,600/4789/6,Pearson Edexcel BTEC Level 1 Level 2 First Award in Information and Creative Technology,Pearson,4,A,Own School,St Joseph's Boys' High (Newry),5230056,ICT,11,24
ST,600/4789/6,Pearson Edexcel BTEC Level 1 Level 2 First Award in Information and Creative Technology,Pearson,4,A,Own School,Coleraine Grammar School,3420317,ICT,11,35
ST,600/4789/6,Pearson Edexcel BTEC Level 1 Level 2 First Award in Information and Creative Technology,Pearson,4,A,Own School,De La Salle High School,4230224,ICT,11,45
ST,600/4789/6,Pearson Edexcel BTEC Level 1 Level 2 First Award in Information and Creative Technology,Pearson,4,A,Own School,City of Armagh High School,5210121,ICT,11,12
ST,600/4789/6,Pearson Edexcel BTEC Level 1 Level 2 First Award in Information and Creative Technology,Pearson,4,A,Own School,St Mary's College (Irvinestown),2230109,ICT,11,17
ST,600/4789/6,Pearson Edexcel BTEC Level 1 Level 2 First Award in Information and Creative Technology,Pearson,4,A,Own School,Integrated College Dungannon,5260286,ICT,11,44
ST,600/4789/6,Pearson Edexcel BTEC Level 1 Level 2 First Award in Information and Creative Technology,Pearson,4,A,Own School,Craigavon Senior High School,5210282,ICT,11,154
ST,600/4789/6,Pearson Edexcel BTEC Level 1 Level 2 First Award in Information and Creative Technology,Pearson,4,A,Own School,Lagan College,4260255,ICT,11,34
ST,600/4789/6,Pearson Edexcel BTEC Level 1 Level 2 First Award in Information and Creative Technology,Pearson,4,A,Own School,Markethill High,5210083,ICT,11,22
ST,600/4789/6,Pearson Edexcel BTEC Level 1 Level 2 First Award in Information and Creative Technology,Pearson,4,A,Own School,St Louise's Comprehensive College,1230053,ICT,11,16
ST,600/4789/6,Pearson Edexcel BTEC Level 1 Level 2 First Award in Information and Creative Technology,Pearson,4,A,Own School,Fivemiletown College,5210097,ICT,11,10
ST,600/4789/6,Pearson Edexcel BTEC Level 1 Level 2 First Award in Information and Creative Technology,Pearson,4,A,Own School,St Patrick's College (Banbridge),5230076,ICT,11,40
ST,600/4789/6,Pearson Edexcel BTEC Level 1 Level 2 First Award in Information and Creative Technology,Pearson,4,A,Own School,Brownlow College,5250216,ICT,11,20
ST,600/4789/6,Pearson Edexcel BTEC Level 1 Level 2 First Award in Information and Creative Technology,Pearson,4,A,Own School,St Patrick's College,3230084,ICT,11,23
ST,600/4789/6,Pearson Edexcel BTEC Level 1 Level 2 First Award in Information and Creative Technology,Pearson,4,A,Own School,Strangford College,4260295,ICT,11,57
ST,600/4789/6,Pearson Edexcel BTEC Level 1 Level 2 First Award in Information and Creative Technology,Pearson,4,A,Own School,Fort Hill Integrated College,4250072,ICT,11,20
ST,600/4789/6,Pearson Edexcel BTEC Level 1 Level 2 First Award in Information and Creative Technology,Pearson,4,A,Own School,Abbey Community College,3210313,ICT,11,38
LLW,601/8497/8,OCN NI Level 2 Certificate in Information Technology Applications,OCN,4,A,Own School,St Patrick's Academy (Lisburn),4230165,ICT,12,14
LLW,601/8497/8,OCN NI Level 2 Certificate in Information Technology Applications,OCN,4,A,Own School,St Louis' Grammar School,5420045,ICT,12,19
LLW,601/8497/8,OCN NI Level 2 Certificate in Information Technology Applications,OCN,4,A,Own School,Larne High School,3210038,ICT,12,39
LLW,601/8497/8,OCN NI Level 2 Certificate in Information Technology Applications,OCN,4,A,Own School,Lisnagarvey High School,4210051,ICT,12,105
LLW,601/8497/8,OCN NI Level 2 Certificate in Information Technology Applications,OCN,4,A,Own School,Malone College,1260294,ICT,12,22
LLW,601/8497/8,OCN NI Level 2 Certificate in Information Technology Applications,OCN,4,A,Own School,St Mark's High,5230135,ICT,12,46
LLW,601/8497/8,OCN NI Level 2 Certificate in Information Technology Applications,OCN,4,A,Own School,St Columba's College,4230067,ICT,12,17
LLW,601/8497/8,OCN NI Level 2 Certificate in Information Technology Applications,OCN,4,A,Own School,St Mary's High (Newry),5230108,ICT,12,18
LLW,601/8497/8,OCN NI Level 2 Certificate in Information Technology Applications,OCN,4,A,Own School,Dromore High,5210064,ICT,12,46
LLW,601/8497/8,OCN NI Level 2 Certificate in Information Technology Applications,OCN,4,A,Own School,St Colman's High School,4230161,ICT,12,15
LLW,601/8497/8,OCN NI Level 2 Certificate in Information Technology Applications,OCN,4,A,Own School,St Paul's High (Bessbrook),5230157,ICT,12,33
LLW,601/8497/8,OCN NI Level 2 Certificate in Information Technology Applications,OCN,4,A,Own School,Drumglass High,5210231,ICT,12,22
LLW,601/8497/8,OCN NI Level 2 Certificate in Information Technology Applications,OCN,4,A,Own School,St Joseph's College,1230275,ICT,12,25
LLW,601/8497/8,OCN NI Level 2 Certificate in Information Technology Applications,OCN,4,A,Own School,St Genevieve's High,1230155,ICT,12,51
LLW,601/8497/8,OCN NI Level 2 Certificate in Information Technology Applications,OCN,4,A,Own School,St Mary's Limavady,2230077,ICT,12,62
LLW,601/8497/8,OCN NI Level 2 Certificate in Information Technology Applications,OCN,4,A,Own School,Magherafelt High School,3210035,ICT,12,21
LLW,601/8497/8,OCN NI Level 2 Certificate in Information Technology Applications,OCN,4,A,Own School,Limavady High School,2210302,ICT,12,106
LLW,601/8497/8,OCN NI Level 2 Certificate in Information Technology Applications,OCN,4,A,Own School,Ashfield Girls' High School,1210014,ICT,12,54
LLW,601/8497/8,OCN NI Level 2 Certificate in Information Technology Applications,OCN,4,A,Own School,Ulidia Integrated College,3260299,ICT,12,15
LLW,601/8497/8,OCN NI Level 2 Certificate in Information Technology Applications,OCN,4,A,Own School,Dunluce School,3210222,ICT,12,33
LLW,601/8497/8,OCN NI Level 2 Certificate in Information Technology Applications,OCN,4,A,Own School,Holy Cross College,2230301,ICT,12,36
LLW,601/8497/8,OCN NI Level 2 Certificate in Information Technology Applications,OCN,4,A,Own School,Priory Integrated College,4250024,ICT,12,23
LLW,601/8497/8,OCN NI Level 2 Certificate in Information Technology Applications,OCN,4,A,Own School,Blackwater Integrated College,4260309,ICT,12,15
LLW,601/8497/8,OCN NI Level 2 Certificate in Information Technology Applications,OCN,4,A,Own School,St Joseph's High (Crossmaglen),5230167,ICT,12,10
LLW,601/8497/8,OCN NI Level 2 Certificate in Information Technology Applications,OCN,4,A,Own School,De La Salle College,1230182,ICT,12,8
LLW,601/8497/8,OCN NI Level 2 Certificate in Information Technology Applications,OCN,4,A,Own School,Cookstown High,5210230,ICT,12,12
LLW,601/8497/8,OCN NI Level 2 Certificate in Information Technology Applications,OCN,4,A,Own School,Abbey Community College,3210313,ICT,12,132
LLW,601/8497/8,OCN NI Level 2 Certificate in Information Technology Applications,OCN,4,A,Own School,St Ronan's College,5420314,ICT,12,90
LLW,601/8497/8,OCN NI Level 2 Certificate in Information Technology Applications,OCN,4,A,Own School,Belfast Boys' Model School,1210022,ICT,12,72
LLW,601/8497/8,OCN NI Level 2 Certificate in Information Technology Applications,OCN,4,A,Own School,Ballymoney High School,3210133,ICT,12,103
LLW,601/8497/8,OCN NI Level 2 Certificate in Information Technology Applications,OCN,4,A,Own School,St Mary's Christian Brothers' Grammar School,1420021,ICT,12,21
LLW,601/8497/8,OCN NI Level 2 Certificate in Information Technology Applications,OCN,4,A,Own School,Movilla High School,4210012,ICT,12,9
LLW,601/8497/8,OCN NI Level 2 Certificate in Information Technology Applications,OCN,4,A,Own School,St Joseph's Boys' School,2230131,ICT,12,51
LLW,601/8497/8,OCN NI Level 2 Certificate in Information Technology Applications,OCN,4,A,Own School,Lismore Comprehensive,5230213,ICT,12,22
LLW,601/8497/8,OCN NI Level 2 Certificate in Information Technology Applications,OCN,4,A,Own School,Sacred Heart College,2230298,ICT,12,21
LLW,601/8497/8,OCN NI Level 2 Certificate in Information Technology Applications,OCN,4,A,Own School,Craigavon Senior High School,5210282,ICT,12,57
LLW,601/8497/8,OCN NI Level 2 Certificate in Information Technology Applications,OCN,4,A,Own School,Dean Maguirc College,2230138,ICT,12,47
LLW,601/8497/8,OCN NI Level 2 Certificate in Information Technology Applications,OCN,4,A,Own School,Blessed Trinity College,1230321,ICT,12,63
LLW,601/8497/8,OCN NI Level 2 Certificate in Information Technology Applications,OCN,4,A,Own School,St Ciaran's College,5230152,ICT,12,6
LLW,601/8497/8,OCN NI Level 2 Certificate in Information Technology Applications,OCN,4,A,Own School,Our Lady of Lourdes High School,3230075,ICT,12,18
LLW,601/8497/8,OCN NI Level 2 Certificate in Information Technology Applications,OCN,4,A,Own School,Saintfield High School,4210063,ICT,12,16
LLW,601/8497/8,OCN NI Level 2 Certificate in Information Technology Applications,OCN,4,A,Own School,St Patrick's College (Dungannon),5230293,ICT,12,25
LLW,601/8497/8,OCN NI Level 2 Certificate in Information Technology Applications,OCN,4,A,Own School,Lagan College,4260255,ICT,12,13
LLW,601/8497/8,OCN NI Level 2 Certificate in Information Technology Applications,OCN,4,A,Own School,Wellington College,1410270,ICT,12,16
LLW,601/8497/8,OCN NI Level 2 Certificate in Information Technology Applications,OCN,4,A,Own School,St Joseph's College (Enniskillen),2230100,ICT,12,3
LLW,601/8497/8,OCN NI Level 2 Certificate in Information Technology Applications,OCN,4,A,Own School,All Saints College,1230324,ICT,12,90
LLW,601/8497/8,OCN NI Level 2 Certificate in Information Technology Applications,OCN,4,A,Own School,St Patrick's College (Dungiven),2230144,ICT,12,22
LLW,601/8497/8,OCN NI Level 2 Certificate in Information Technology Applications,OCN,4,A,Own School,St Colmcille's High School,4230102,ICT,12,19
LLW,601/8497/8,OCN NI Level 2 Certificate in Information Technology Applications,OCN,4,A,Own School,Rathfriland High,5210127,ICT,12,14
LLW,601/8497/8,OCN NI Level 2 Certificate in Information Technology Applications,OCN,4,A,Own School,Hazelwood Integrated College,1260269,ICT,12,27
LLW,601/8497/8,OCN NI Level 2 Certificate in Information Technology Applications,OCN,4,A,Own School,St Patrick's Grammar (Armagh),5420268,ICT,12,16
LLW,601/8497/8,OCN NI Level 2 Certificate in Information Technology Applications,OCN,4,A,Own School,Strabane Academy,2410311,ICT,12,35
LLW,601/8497/8,OCN NI Level 2 Certificate in Information Technology Applications,OCN,4,A,Own School,Aughnacloy College,5210153,ICT,12,17
LLW,601/8497/8,OCN NI Level 2 Certificate in Information Technology Applications,OCN,4,A,Own School,City of Armagh High School,5210121,ICT,12,12
LLW,601/8497/8,OCN NI Level 2 Certificate in Information Technology Applications,OCN,4,A,Own School,St Kevin's College,2230322,ICT,12,13
LLW,601/8497/8,OCN NI Level 2 Certificate in Information Technology Applications,OCN,4,A,Own School,St Conor's College,3230318,ICT,12,23
LLW,601/8497/8,OCN NI Level 2 Certificate in Information Technology Applications,OCN,4,A,Own School,Coleraine College,3210300,ICT,12,11
LLW,601/8497/8,OCN NI Level 2 Certificate in Information Technology Applications,OCN,4,A,Own School,Breda Academy,4210316,ICT,12,13
LLW,601/8497/8,OCN NI Level 2 Certificate in Information Technology Applications,OCN,4,A,Own School,Dominican College,3420068,ICT,12,12
LLW,601/8497/8,OCN NI Level 2 Certificate in Information Technology Applications,OCN,4,A,Own School,St Patrick's College,3230234,ICT,12,11
LLW,601/8497/8,OCN NI Level 2 Certificate in Information Technology Applications,OCN,4,A,Own School,St Benedict's College,3230308,ICT,12,16
LLW,601/8497/8,OCN NI Level 2 Certificate in Information Technology Applications,OCN,4,A,Own School,Fort Hill Integrated College,4250072,ICT,12,11
LLW,601/8497/8,OCN NI Level 2 Certificate in Information Technology Applications,OCN,4,A,Own School,Belfast Model School for Girls,1210021,ICT,12,128
ST,600/1062/9,OCR Level 2 Extended Certificate in IT User Skills (ITQ) (QCF),OCR,4,A,Own School,St Patrick's & St Brigid's College,2230122,ICT,12,20
ST,500/6743/6,OCR Level 2 ITQ Certificate in IT User Skills (QCF),OCR,4,A,Own School,St Colm's High School (Twinbrook),4230223,ICT,12,23
ST,500/6743/6,OCR Level 2 ITQ Certificate in IT User Skills (QCF),OCR,4,A,Own School,Mercy College,1230104,ICT,12,39
ST,600/6071/2,Pearson BTEC Level 1 Level 2 First Certificate in Information and Creative Technology,Pearson,4,A,Own School,St Benedict's College,3230308,ICT,12,22
ST,600/6071/2,Pearson BTEC Level 1 Level 2 First Certificate in Information and Creative Technology,Pearson,4,A,Own School,Cookstown High,5210230,ICT,12,46
ST,600/6071/2,Pearson BTEC Level 1 Level 2 First Certificate in Information and Creative Technology,Pearson,4,A,Own School,Blackwater Integrated College,4260309,ICT,12,8
ST,600/6071/2,Pearson BTEC Level 1 Level 2 First Certificate in Information and Creative Technology,Pearson,4,A,Own School,Hazelwood Integrated College,1260269,ICT,12,53
ST,600/6071/2,Pearson BTEC Level 1 Level 2 First Certificate in Information and Creative Technology,Pearson,4,A,Own School,Carrickfergus Academy,3210323,ICT,12,37
ST,500/7832/X,Pearson BTEC Level 2 Certificate for IT Users (ITQ) (QCF),Pearson,4,A,Own School,Glengormley High School,3210202,ICT,12,53
ST,500/7832/X,Pearson BTEC Level 2 Certificate for IT Users (ITQ) (QCF),Pearson,4,A,Own School,Bangor Academy & Sixth Form College,4210296,ICT,12,31
ST,500/7832/X,Pearson BTEC Level 2 Certificate for IT Users (ITQ) (QCF),Pearson,4,A,Own School,St Columbanus' College,4230107,ICT,12,54
ST,600/4789/6,Pearson Edexcel BTEC Level 1 Level 2 First Award in Information and Creative Technology,Pearson,4,A,Own School,Ashfield Boys' High School,1210015,ICT,12,114
ST,600/4789/6,Pearson Edexcel BTEC Level 1 Level 2 First Award in Information and Creative Technology,Pearson,4,A,Own School,St Joseph's Boys' High (Newry),5230056,ICT,12,12
ST,600/4789/6,Pearson Edexcel BTEC Level 1 Level 2 First Award in Information and Creative Technology,Pearson,4,A,Own School,St Mary's College (Derry),2230081,ICT,12,9
ST,600/4789/6,Pearson Edexcel BTEC Level 1 Level 2 First Award in Information and Creative Technology,Pearson,4,A,Own School,St Mary's High School (Downpatrick),4230023,ICT,12,17
ST,600/4789/6,Pearson Edexcel BTEC Level 1 Level 2 First Award in Information and Creative Technology,Pearson,4,A,Own School,St Brigid's College (Derry),2230225,ICT,12,15
ST,600/4789/6,Pearson Edexcel BTEC Level 1 Level 2 First Award in Information and Creative Technology,Pearson,4,A,Own School,Rathfriland High,5210127,ICT,12,17
ST,600/4789/6,Pearson Edexcel BTEC Level 1 Level 2 First Award in Information and Creative Technology,Pearson,4,A,Own School,St Kevin's College,2230322,ICT,12,6
ST,600/4789/6,Pearson Edexcel BTEC Level 1 Level 2 First Award in Information and Creative Technology,Pearson,4,A,Own School,Lismore Comprehensive,5230213,ICT,12,88
ST,600/4789/6,Pearson Edexcel BTEC Level 1 Level 2 First Award in Information and Creative Technology,Pearson,4,A,Own School,City of Armagh High School,5210121,ICT,12,15
ST,600/4789/6,Pearson Edexcel BTEC Level 1 Level 2 First Award in Information and Creative Technology,Pearson,4,A,Own School,Banbridge High,5210047,ICT,12,18
ST,600/4789/6,Pearson Edexcel BTEC Level 1 Level 2 First Award in Information and Creative Technology,Pearson,4,A,Own School,Sacred Heart College,2230298,ICT,12,39
ST,600/4789/6,Pearson Edexcel BTEC Level 1 Level 2 First Award in Information and Creative Technology,Pearson,4,A,Own School,Nendrum College,4210045,ICT,12,24
ST,600/4789/6,Pearson Edexcel BTEC Level 1 Level 2 First Award in Information and Creative Technology,Pearson,4,A,Own School,Devenish College,2210312,ICT,12,29
ST,600/4789/6,Pearson Edexcel BTEC Level 1 Level 2 First Award in Information and Creative Technology,Pearson,4,A,Own School,Integrated College Dungannon,5260286,ICT,12,44
ST,600/4789/6,Pearson Edexcel BTEC Level 1 Level 2 First Award in Information and Creative Technology,Pearson,4,A,Own School,Dundonald High School,4210262,ICT,12,36
ST,600/4789/6,Pearson Edexcel BTEC Level 1 Level 2 First Award in Information and Creative Technology,Pearson,4,A,Own School,Edmund Rice College,3230203,ICT,12,52
ST,600/4789/6,Pearson Edexcel BTEC Level 1 Level 2 First Award in Information and Creative Technology,Pearson,4,A,Own School,De La Salle High School,4230224,ICT,12,39
ST,600/4789/6,Pearson Edexcel BTEC Level 1 Level 2 First Award in Information and Creative Technology,Pearson,4,A,Own School,New-Bridge Integrated College,5260285,ICT,12,35
ST,600/4789/6,Pearson Edexcel BTEC Level 1 Level 2 First Award in Information and Creative Technology,Pearson,4,A,Own School,Parkhall College,3250207,ICT,12,23
ST,600/4789/6,Pearson Edexcel BTEC Level 1 Level 2 First Award in Information and Creative Technology,Pearson,4,A,Own School,Fivemiletown College,5210097,ICT,12,16
ST,600/4789/6,Pearson Edexcel BTEC Level 1 Level 2 First Award in Information and Creative Technology,Pearson,4,A,Own School,Lisneal College,2210306,ICT,12,64
ST,600/4789/6,Pearson Edexcel BTEC Level 1 Level 2 First Award in Information and Creative Technology,Pearson,4,A,Collaboration with other school,St Mary's College (Irvinestown),2230109,ICT,12,19
ST,600/4789/6,Pearson Edexcel BTEC Level 1 Level 2 First Award in Information and Creative Technology,Pearson,4,A,Own School,Glastry College,4210046,ICT,12,43
ST,600/4789/6,Pearson Edexcel BTEC Level 1 Level 2 First Award in Information and Creative Technology,Pearson,4,A,Own School,Lagan College,4260255,ICT,12,31
ST,600/4789/6,Pearson Edexcel BTEC Level 1 Level 2 First Award in Information and Creative Technology,Pearson,4,A,Own School,Coleraine Grammar School,3420317,ICT,12,17
ST,600/4789/6,Pearson Edexcel BTEC Level 1 Level 2 First Award in Information and Creative Technology,Pearson,4,A,Own School,Holy Trinity College,5230278,ICT,12,83
ST,600/4789/6,Pearson Edexcel BTEC Level 1 Level 2 First Award in Information and Creative Technology,Pearson,4,A,Own School,St Joseph's College (Coalisland),5230192,ICT,12,11
ST,600/4789/6,Pearson Edexcel BTEC Level 1 Level 2 First Award in Information and Creative Technology,Pearson,4,A,Own School,Craigavon Senior High School,5210282,ICT,12,158
ST,600/4789/6,Pearson Edexcel BTEC Level 1 Level 2 First Award in Information and Creative Technology,Pearson,4,A,Own School,St Patrick's College,3230084,ICT,12,31
ST,600/4789/6,Pearson Edexcel BTEC Level 1 Level 2 First Award in Information and Creative Technology,Pearson,4,A,Own School,St Patrick's College,3230234,ICT,12,22
ST,600/4789/6,Pearson Edexcel BTEC Level 1 Level 2 First Award in Information and Creative Technology,Pearson,4,A,Own School,St Patrick's High (Keady),5230187,ICT,12,20
ST,600/4789/6,Pearson Edexcel BTEC Level 1 Level 2 First Award in Information and Creative Technology,Pearson,4,A,Own School,St Louise's Comprehensive College,1230053,ICT,12,8
ST,600/4789/6,Pearson Edexcel BTEC Level 1 Level 2 First Award in Information and Creative Technology,Pearson,4,A,Own School,Markethill High,5210083,ICT,12,19
ST,600/4789/6,Pearson Edexcel BTEC Level 1 Level 2 First Award in Information and Creative Technology,Pearson,4,A,Own School,St Patrick's College (Banbridge),5230076,ICT,12,55
ST,600/4789/6,Pearson Edexcel BTEC Level 1 Level 2 First Award in Information and Creative Technology,Pearson,4,A,Collaboration with other school,St Joseph's College (Enniskillen),2230100,ICT,12,7
ST,600/4789/6,Pearson Edexcel BTEC Level 1 Level 2 First Award in Information and Creative Technology,Pearson,4,A,Own School,Strangford College,4260295,ICT,12,18
ST,600/4789/6,Pearson Edexcel BTEC Level 1 Level 2 First Award in Information and Creative Technology,Pearson,4,A,Own School,St John the Baptist College,5230321,ICT,12,18
ST,601/8913/7,CCEA Level 3 Advanced Subsidiary GCE in Software Systems Development,CCEA,5,A,Own School,St Patrick's Grammar (Armagh),5420268,CS,13,12
ST,601/8913/7,CCEA Level 3 Advanced Subsidiary GCE in Software Systems Development,CCEA,5,A,Collaboration with other school,St Patrick's College (Dungannon),5230293,CS,13,1
ST,601/8913/7,CCEA Level 3 Advanced Subsidiary GCE in Software Systems Development,CCEA,5,A,Own School,Slemish College,3260289,CS,13,6
ST,601/8913/7,CCEA Level 3 Advanced Subsidiary GCE in Software Systems Development,CCEA,5,A,Own School,St Ciaran's College,5230152,CS,13,10
ST,601/8913/7,CCEA Level 3 Advanced Subsidiary GCE in Software Systems Development,CCEA,5,A,Own School,Friends' School,4420050,CS,13,4
ST,601/8913/7,CCEA Level 3 Advanced Subsidiary GCE in Software Systems Development,CCEA,5,A,Collaboration with other school,"Royal School, Armagh",5420263,CS,13,9
ST,601/8913/7,CCEA Level 3 Advanced Subsidiary GCE in Software Systems Development,CCEA,5,A,Own School,Limavady Grammar School,2410048,CS,13,10
ST,601/8913/7,CCEA Level 3 Advanced Subsidiary GCE in Software Systems Development,CCEA,5,A,Own School,St Louise's Comprehensive College,1230053,CS,13,5
ST,601/8913/7,CCEA Level 3 Advanced Subsidiary GCE in Software Systems Development,CCEA,5,A,Collaboration with other school,Christian Brothers Grammar (Omagh),2420064,CS,13,11
ST,601/8913/7,CCEA Level 3 Advanced Subsidiary GCE in Software Systems Development,CCEA,5,A,Own School,St Patrick's College,3230234,CS,13,4
ST,601/8913/7,CCEA Level 3 Advanced Subsidiary GCE in Software Systems Development,CCEA,5,A,Collaboration with other school,Belfast Royal Academy,1420028,CS,13,14
ST,601/8913/7,CCEA Level 3 Advanced Subsidiary GCE in Software Systems Development,CCEA,5,A,Own School,Loreto College,3420034,CS,13,8
ST,601/8913/7,CCEA Level 3 Advanced Subsidiary GCE in Software Systems Development,CCEA,5,A,Collaboration with other school,St Patrick's High (Keady),5230187,CS,13,1
ST,601/8913/7,CCEA Level 3 Advanced Subsidiary GCE in Software Systems Development,CCEA,5,A,Own School,Lagan College,4260255,CS,13,10
ST,601/8913/7,CCEA Level 3 Advanced Subsidiary GCE in Software Systems Development,CCEA,5,A,Own School,Lumen Christi College,2420287,CS,13,10
ST,601/8913/7,CCEA Level 3 Advanced Subsidiary GCE in Software Systems Development,CCEA,5,A,Own School,Coleraine Grammar School,3420317,CS,13,13
ST,601/8913/7,CCEA Level 3 Advanced Subsidiary GCE in Software Systems Development,CCEA,5,A,Own School,Wallace High School,4420051,CS,13,12
ST,601/8913/7,CCEA Level 3 Advanced Subsidiary GCE in Software Systems Development,CCEA,5,A,Own School,Banbridge Academy,5410013,CS,13,17
ST,601/8913/7,CCEA Level 3 Advanced Subsidiary GCE in Software Systems Development,CCEA,5,A,Collaboration with other school,St Patrick's Academy (Dungannon),5420304,CS,13,21
ST,601/8913/7,CCEA Level 3 Advanced Subsidiary GCE in Software Systems Development,CCEA,5,A,Own School,St Mary's Grammar School,3420080,CS,13,4
ST,601/8913/7,CCEA Level 3 Advanced Subsidiary GCE in Software Systems Development,CCEA,5,A,Collaboration with other school,Loreto Grammar,2420065,CS,13,1
ST,601/8913/7,CCEA Level 3 Advanced Subsidiary GCE in Software Systems Development,CCEA,5,A,Own School,Our Lady's Grammar School,5420060,CS,13,5
ST,601/8913/7,CCEA Level 3 Advanced Subsidiary GCE in Software Systems Development,CCEA,5,A,Own School,Shimna College,4260281,CS,13,6
ST,601/8913/7,CCEA Level 3 Advanced Subsidiary GCE in Software Systems Development,CCEA,5,A,Own School,Down High School,4410085,CS,13,11
ST,601/8913/7,CCEA Level 3 Advanced Subsidiary GCE in Software Systems Development,CCEA,5,A,Own School,Grosvenor Grammar School,1410079,CS,13,19
ST,601/8913/7,CCEA Level 3 Advanced Subsidiary GCE in Software Systems Development,CCEA,5,A,Own School,St Ronan's College,5420314,CS,13,14
ST,601/8913/7,CCEA Level 3 Advanced Subsidiary GCE in Software Systems Development,CCEA,5,A,Own School,Colaiste Feirste,1240291,CS,13,5
ST,601/8913/7,CCEA Level 3 Advanced Subsidiary GCE in Software Systems Development,CCEA,5,A,Own School,Dromore High,5210064,CS,13,4
ST,601/8913/7,CCEA Level 3 Advanced Subsidiary GCE in Software Systems Development,CCEA,5,A,Own School,St Colman's College,5420062,CS,13,7
ST,601/8913/7,CCEA Level 3 Advanced Subsidiary GCE in Software Systems Development,CCEA,5,A,Collaboration with other school,St Catherine's College,5230218,CS,13,1
ST,601/8913/7,CCEA Level 3 Advanced Subsidiary GCE in Software Systems Development,CCEA,5,A,Collaboration with other school,St Malachy's College,1420030,CS,13,4
LLW,601/8844/3,OCN NI Level 3 Diploma in Information Technology Applications,OCN,5,A,Own School,Breda Academy,4210316,ICT,13,17
LLW,601/8844/3,OCN NI Level 3 Diploma in Information Technology Applications,OCN,5,A,Own School,St Malachy's High School (Castlewellan),4230211,ICT,13,4
LLW,601/8844/3,OCN NI Level 3 Diploma in Information Technology Applications,OCN,5,A,Own School,St Genevieve's High,1230155,ICT,13,31
LLW,601/8844/3,OCN NI Level 3 Diploma in Information Technology Applications,OCN,5,A,Own School,De La Salle College,1230182,ICT,13,10
ES,601/7101/7,OCR Level 3 Cambridge Technical Diploma in IT (VRQ),OCR,5,A,Own School,St Patrick's College,3230084,ICT,13,16
ST,601/7098/0,OCR Level 3 Cambridge Technical Extended Certificate in IT,OCR,5,A,Own School,Strabane Academy,2410311,ICT,13,9
ST,601/7098/0,OCR Level 3 Cambridge Technical Extended Certificate in IT,OCR,5,A,Own School,St Joseph's College,1230275,ICT,13,11
ST,601/7098/0,OCR Level 3 Cambridge Technical Extended Certificate in IT,OCR,5,A,Own School,St Malachy's High School (Castlewellan),4230211,ICT,13,13
ST,601/7098/0,OCR Level 3 Cambridge Technical Extended Certificate in IT,OCR,5,A,Own School,Lismore Comprehensive,5230213,ICT,13,22
ST,601/7098/0,OCR Level 3 Cambridge Technical Extended Certificate in IT,OCR,5,A,Own School,Cullybackey College,3210172,ICT,13,18
ST,601/7098/0,OCR Level 3 Cambridge Technical Extended Certificate in IT,OCR,5,A,Own School,St Paul's High (Bessbrook),5230157,ICT,13,21
ST,601/7098/0,OCR Level 3 Cambridge Technical Extended Certificate in IT,OCR,5,A,Own School,Mercy College,1230104,ICT,13,8
ST,601/7098/0,OCR Level 3 Cambridge Technical Extended Certificate in IT,OCR,5,A,Own School,St Colman's High School,4230161,ICT,13,16
ST,601/7099/2,OCR Level 3 Cambridge Technical Introductory Diploma in IT,OCR,5,A,Own School,Sperrin Integrated College,3260303,ICT,13,10
ST,601/7099/2,OCR Level 3 Cambridge Technical Introductory Diploma in IT,OCR,5,A,Own School,Strangford College,4260295,ICT,13,19
ST,601/7099/2,OCR Level 3 Cambridge Technical Introductory Diploma in IT,OCR,5,A,Own School,Fort Hill Integrated College,4250072,ICT,13,13
ST,601/7099/2,OCR Level 3 Cambridge Technical Introductory Diploma in IT,OCR,5,A,Collaboration with other school,Ballycastle High School,3210124,ICT,13,14
ST,601/7099/2,OCR Level 3 Cambridge Technical Introductory Diploma in IT,OCR,5,A,Collaboration with other school,Cross and Passion College,3230227,ICT,13,12
ST,600/4623/5,OCR Level 3 Cambridge Technical Introductory Diploma in IT (QCF),OCR,5,A,Own School,Christian Brothers Grammar (Omagh),2420064,ICT,13,11
ST,600/4623/5,OCR Level 3 Cambridge Technical Introductory Diploma in IT (QCF),OCR,5,A,Own School,St Mary's Limavady,2230077,ICT,13,41
ST,600/4623/5,OCR Level 3 Cambridge Technical Introductory Diploma in IT (QCF),OCR,5,A,Own School,St Conor's College,3230318,ICT,13,13
ST,600/4623/5,OCR Level 3 Cambridge Technical Introductory Diploma in IT (QCF),OCR,5,A,Own School,Loreto College,3420034,ICT,13,18
ST,600/4623/5,OCR Level 3 Cambridge Technical Introductory Diploma in IT (QCF),OCR,5,A,Own School,Parkhall College,3250207,ICT,13,19
ST,600/4623/5,OCR Level 3 Cambridge Technical Introductory Diploma in IT (QCF),OCR,5,A,Collaboration with other school,Carrickfergus Grammar School,3410098,ICT,13,1
ST,600/4623/5,OCR Level 3 Cambridge Technical Introductory Diploma in IT (QCF),OCR,5,A,Own School,Assumption Grammar School,4420086,ICT,13,3
ST,600/4623/5,OCR Level 3 Cambridge Technical Introductory Diploma in IT (QCF),OCR,5,A,Own School,Magherafelt High School,3210035,ICT,13,14
ST,600/4623/5,OCR Level 3 Cambridge Technical Introductory Diploma in IT (QCF),OCR,5,A,Own School,Oakgrove Integrated College,2260276,ICT,13,14
ST,600/4623/5,OCR Level 3 Cambridge Technical Introductory Diploma in IT (QCF),OCR,5,A,Own School,Limavady High School,2210302,ICT,13,9
ST,600/4623/5,OCR Level 3 Cambridge Technical Introductory Diploma in IT (QCF),OCR,5,A,Own School,St Malachy's College,1420030,ICT,13,22
ST,600/4623/5,OCR Level 3 Cambridge Technical Introductory Diploma in IT (QCF),OCR,5,A,Own School,St Pius X College,3230168,ICT,13,32
ST,600/4623/5,OCR Level 3 Cambridge Technical Introductory Diploma in IT (QCF),OCR,5,A,Own School,Ulidia Integrated College,3260299,ICT,13,10
ST,600/4623/5,OCR Level 3 Cambridge Technical Introductory Diploma in IT (QCF),OCR,5,A,Own School,Blessed Trinity College,1230321,ICT,13,41
ST,600/4623/5,OCR Level 3 Cambridge Technical Introductory Diploma in IT (QCF),OCR,5,A,Own School,St Joseph's Grammar School,5420073,ICT,13,22
ST,600/4623/5,OCR Level 3 Cambridge Technical Introductory Diploma in IT (QCF),OCR,5,A,Own School,Lisneal College,2210306,ICT,13,26
ST,600/4623/5,OCR Level 3 Cambridge Technical Introductory Diploma in IT (QCF),OCR,5,A,Collaboration with other school,St Patrick's College (Dungiven),2230144,ICT,13,20
ST,600/4623/5,OCR Level 3 Cambridge Technical Introductory Diploma in IT (QCF),OCR,5,A,Own School,St Patrick's Grammar (Armagh),5420268,ICT,13,20
ST,600/4623/5,OCR Level 3 Cambridge Technical Introductory Diploma in IT (QCF),OCR,5,A,Own School,St Mary's High (Newry),5230108,ICT,13,9
ST,600/4623/5,OCR Level 3 Cambridge Technical Introductory Diploma in IT (QCF),OCR,5,A,Own School,De La Salle High School,4230224,ICT,13,15
ST,600/4623/5,OCR Level 3 Cambridge Technical Introductory Diploma in IT (QCF),OCR,5,A,Own School,St Louise's Comprehensive College,1230053,ICT,13,30
ST,600/4623/5,OCR Level 3 Cambridge Technical Introductory Diploma in IT (QCF),OCR,5,A,Own School,Edmund Rice College,3230203,ICT,13,25
ST,600/4623/5,OCR Level 3 Cambridge Technical Introductory Diploma in IT (QCF),OCR,5,A,Own School,Abbey Community College,3210313,ICT,13,25
ST,600/4623/5,OCR Level 3 Cambridge Technical Introductory Diploma in IT (QCF),OCR,5,A,Own School,St Ronan's College,5420314,ICT,13,31
ST,600/4623/5,OCR Level 3 Cambridge Technical Introductory Diploma in IT (QCF),OCR,5,A,Own School,St Dominic's Grammar School for Girls,1420029,ICT,13,7
ST,600/4623/5,OCR Level 3 Cambridge Technical Introductory Diploma in IT (QCF),OCR,5,A,Own School,St Cecilia's College,2230188,ICT,13,20
ST,600/4623/5,OCR Level 3 Cambridge Technical Introductory Diploma in IT (QCF),OCR,5,A,Collaboration with other school,Carrickfergus Academy,3210323,ICT,13,29
ST,600/4623/5,OCR Level 3 Cambridge Technical Introductory Diploma in IT (QCF),OCR,5,A,Own School,Dominican College,3420068,ICT,13,18
ST,600/4623/5,OCR Level 3 Cambridge Technical Introductory Diploma in IT (QCF),OCR,5,A,Own School,St Mark's High,5230135,ICT,13,28
ST,600/4623/5,OCR Level 3 Cambridge Technical Introductory Diploma in IT (QCF),OCR,5,A,Own School,North Coast Integrated College,3260290,ICT,13,20
ST,600/4623/5,OCR Level 3 Cambridge Technical Introductory Diploma in IT (QCF),OCR,5,A,Own School,St Columb's College,2420054,ICT,13,22
ST,600/4623/5,OCR Level 3 Cambridge Technical Introductory Diploma in IT (QCF),OCR,5,A,Own School,New-Bridge Integrated College,5260285,ICT,13,12
ST,600/4623/5,OCR Level 3 Cambridge Technical Introductory Diploma in IT (QCF),OCR,5,A,Own School,Priory Integrated College,4250024,ICT,13,15
ST,600/4623/5,OCR Level 3 Cambridge Technical Introductory Diploma in IT (QCF),OCR,5,A,Own School,All Saints College,1230324,ICT,13,58
ST,600/4623/5,OCR Level 3 Cambridge Technical Introductory Diploma in IT (QCF),OCR,5,A,Collaboration with other school,Gaelcholaiste Dhoire,2240319,ICT,13,5
ST,600/4623/5,OCR Level 3 Cambridge Technical Introductory Diploma in IT (QCF),OCR,5,A,Own School,St Joseph's Boys' School,2230131,ICT,13,31
ST,600/4237/0,OCR Level 3 Cambridge Technical Subsidiary Diploma in IT (QCF),OCR,5,A,Own School,Larne High School,3210038,ICT,13,13
ST,603/0455/8,Pearson BTEC Level 3 National Diploma in Information Technology,Pearson,5,A,Own School,Belfast Boys' Model School,1210022,ICT,13,18
ST,603/0455/8,Pearson BTEC Level 3 National Diploma in Information Technology,Pearson,5,A,Own School,Royal Belfast Academical Institution,1420027,ICT,13,13
ST,601/7575/8,Pearson BTEC Level 3 National Extended Certificate in Information Technology,Pearson,5,A,Own School,Coleraine Grammar School,3420317,ICT,13,22
ST,601/7575/8,Pearson BTEC Level 3 National Extended Certificate in Information Technology,Pearson,5,A,Own School,Integrated College Dungannon,5260286,ICT,13,13
ST,601/7575/8,Pearson BTEC Level 3 National Extended Certificate in Information Technology,Pearson,5,A,Own School,Slemish College,3260289,ICT,13,7
ST,601/7575/8,Pearson BTEC Level 3 National Extended Certificate in Information Technology,Pearson,5,A,Own School,St Columbanus' College,4230107,ICT,13,21
ST,601/7575/8,Pearson BTEC Level 3 National Extended Certificate in Information Technology,Pearson,5,A,Own School,Holy Trinity College,5230278,ICT,13,43
ST,601/7575/8,Pearson BTEC Level 3 National Extended Certificate in Information Technology,Pearson,5,A,FE,Down High School,4410085,ICT,13,8
ST,601/7575/8,Pearson BTEC Level 3 National Extended Certificate in Information Technology,Pearson,5,A,Own School,Dromore High,5210064,ICT,13,16
ST,601/7575/8,Pearson BTEC Level 3 National Extended Certificate in Information Technology,Pearson,5,A,Own School,St Patrick's College (Banbridge),5230076,ICT,13,9
ST,601/7575/8,Pearson BTEC Level 3 National Extended Certificate in Information Technology,Pearson,5,A,Own School,Cookstown High,5210230,ICT,13,9
ST,601/7575/8,Pearson BTEC Level 3 National Extended Certificate in Information Technology,Pearson,5,A,Own School,Christian Brothers' Abbey Grammar School,5420059,ICT,13,8
ST,601/7575/8,Pearson BTEC Level 3 National Extended Certificate in Information Technology,Pearson,5,A,Own School,Dunclug College,3210208,ICT,13,11
ST,601/7575/8,Pearson BTEC Level 3 National Extended Certificate in Information Technology,Pearson,5,A,Own School,Victoria College,1420264,ICT,13,9
ST,601/7575/8,Pearson BTEC Level 3 National Extended Certificate in Information Technology,Pearson,5,A,Own School,Lagan College,4260255,ICT,13,12
ST,601/7575/8,Pearson BTEC Level 3 National Extended Certificate in Information Technology,Pearson,5,A,Own School,Bangor Academy & Sixth Form College,4210296,ICT,13,59
ST,601/7575/8,Pearson BTEC Level 3 National Extended Certificate in Information Technology,Pearson,5,A,Own School,Hazelwood Integrated College,1260269,ICT,13,30
ST,601/7575/8,Pearson BTEC Level 3 National Extended Certificate in Information Technology,Pearson,5,A,Own School,Ashfield Girls' High School,1210014,ICT,13,12
ST,601/7575/8,Pearson BTEC Level 3 National Extended Certificate in Information Technology,Pearson,5,A,Own School,St Louis' Grammar School,3420010,ICT,13,13
ST,601/7575/8,Pearson BTEC Level 3 National Extended Certificate in Information Technology,Pearson,5,A,Own School,Banbridge High,5210047,ICT,13,7
ST,601/7575/8,Pearson BTEC Level 3 National Extended Certificate in Information Technology,Pearson,5,A,Own School,Glastry College,4210046,ICT,13,9
ST,601/7575/8,Pearson BTEC Level 3 National Extended Certificate in Information Technology,Pearson,5,A,Own School,Antrim Grammar School,3410209,ICT,13,14
ST,601/7575/8,Pearson BTEC Level 3 National Extended Certificate in Information Technology,Pearson,5,A,Own School,Castlederg High,2210065,ICT,13,4
ST,601/7575/8,Pearson BTEC Level 3 National Extended Certificate in Information Technology,Pearson,5,A,Own School,Glengormley High School,3210202,ICT,13,20
ST,601/7575/8,Pearson BTEC Level 3 National Extended Certificate in Information Technology,Pearson,5,A,Own School,St Ciaran's College,5230152,ICT,13,26
ST,601/7575/8,Pearson BTEC Level 3 National Extended Certificate in Information Technology,Pearson,5,A,Own School,Foyle College,2420229,ICT,13,4
ST,601/7575/8,Pearson BTEC Level 3 National Extended Certificate in Information Technology,Pearson,5,A,Own School,Belfast Boys' Model School,1210022,ICT,13,21
ST,601/7575/8,Pearson BTEC Level 3 National Extended Certificate in Information Technology,Pearson,5,A,Own School,Cambridge House Grammar School,3410297,ICT,13,4
ST,601/7575/8,Pearson BTEC Level 3 National Extended Certificate in Information Technology,Pearson,5,A,Own School,Breda Academy,4210316,ICT,13,14
ST,601/7575/8,Pearson BTEC Level 3 National Extended Certificate in Information Technology,Pearson,5,A,Own School,St Mary's Christian Brothers' Grammar School,1420021,ICT,13,14
ST,601/7575/8,Pearson BTEC Level 3 National Extended Certificate in Information Technology,Pearson,5,A,Own School,Bloomfield Collegiate School,1410315,ICT,13,9
ST,601/7575/8,Pearson BTEC Level 3 National Extended Certificate in Information Technology,Pearson,5,A,Own School,Sacred Heart College,2230298,ICT,13,24
ST,601/7575/8,Pearson BTEC Level 3 National Extended Certificate in Information Technology,Pearson,5,A,Own School,St Michael's Grammar (Enniskillen),2420043,ICT,13,18
ST,601/7575/8,Pearson BTEC Level 3 National Extended Certificate in Information Technology,Pearson,5,A,Collaboration with other school,St Patrick's Grammar (Downpatrick),4420088,ICT,13,42
ST,601/7575/8,Pearson BTEC Level 3 National Extended Certificate in Information Technology,Pearson,5,A,Own School,Ashfield Boys' High School,1210015,ICT,13,39
ST,601/7575/8,Pearson BTEC Level 3 National Extended Certificate in Information Technology,Pearson,5,A,Own School,St Patrick's College (Dungannon),5230293,ICT,13,14
ST,601/7575/8,Pearson BTEC Level 3 National Extended Certificate in Information Technology,Pearson,5,A,Own School,St Killian's College,3230310,ICT,13,13
ST,601/7575/8,Pearson BTEC Level 3 National Extended Certificate in Information Technology,Pearson,5,A,Own School,Lisnagarvey High School,4210051,ICT,13,20
ST,601/7575/8,Pearson BTEC Level 3 National Extended Certificate in Information Technology,Pearson,5,A,Collaboration with other school,De La Salle High School,4230224,ICT,13,1
ST,601/7575/8,Pearson BTEC Level 3 National Extended Certificate in Information Technology,Pearson,5,A,Own School,St Patrick's High (Keady),5230187,ICT,13,6
ST,601/7575/8,Pearson BTEC Level 3 National Extended Certificate in Information Technology,Pearson,5,A,Own School,Campbell College,1420020,ICT,13,7
ST,601/7575/8,Pearson BTEC Level 3 National Extended Certificate in Information Technology,Pearson,5,A,Own School,De La Salle College,1230182,ICT,13,16
ST,601/7575/8,Pearson BTEC Level 3 National Extended Certificate in Information Technology,Pearson,5,A,Own School,Malone College,1260294,ICT,13,10
ST,601/7575/8,Pearson BTEC Level 3 National Extended Certificate in Information Technology,Pearson,5,A,Own School,St Joseph's College (Enniskillen),2230100,ICT,13,2
ST,601/7575/8,Pearson BTEC Level 3 National Extended Certificate in Information Technology,Pearson,5,A,Own School,Royal Belfast Academical Institution,1420027,ICT,13,11
ST,500/9147/5,Pearson Edexcel BTEC Level 3 Subsidiary Diploma In IT (QCF),Pearson,5,A,Own School,Devenish College,2210312,ICT,13,19
ST,500/9147/5,Pearson Edexcel BTEC Level 3 Subsidiary Diploma In IT (QCF),Pearson,5,A,Own School,Wellington College,1410270,ICT,13,6
ST,500/9147/5,Pearson Edexcel BTEC Level 3 Subsidiary Diploma In IT (QCF),Pearson,5,A,Own School,St Joseph's College (Enniskillen),2230100,ICT,13,2
ST,603/2151/9,WJEC Level 3 Advanced Subsidiary GCE in Applied ICT,WJEC,5,A,Own School,St Mary's College (Derry),2230081,ICT,13,10
ST,603/2153/2,WJEC Level 3 Advanced Subsidiary GCE in Information and Communication Technology,WJEC,5,A,Own School,Larne Grammar School,3420046,ICT,13,55
ST,603/2153/2,WJEC Level 3 Advanced Subsidiary GCE in Information and Communication Technology,WJEC,5,A,Own School,St Brigid's College (Derry),2230225,ICT,13,15
ST,601/8914/9,CCEA Level 3 Advanced GCE in Software Systems Development,CCEA,5,A,Own School,Belfast Royal Academy,1420028,CS,14,11
ST,601/8914/9,CCEA Level 3 Advanced GCE in Software Systems Development,CCEA,5,A,Collaboration with other school,St Patrick's College (Dungannon),5230293,CS,14,1
ST,601/8914/9,CCEA Level 3 Advanced GCE in Software Systems Development,CCEA,5,A,Own School,Lagan College,4260255,CS,14,8
ST,601/8914/9,CCEA Level 3 Advanced GCE in Software Systems Development,CCEA,5,A,Own School,Shimna College,4260281,CS,14,6
ST,601/8914/9,CCEA Level 3 Advanced GCE in Software Systems Development,CCEA,5,A,Own School,Friends' School,4420050,CS,14,12
ST,601/8914/9,CCEA Level 3 Advanced GCE in Software Systems Development,CCEA,5,A,Own School,Down High School,4410085,CS,14,12
ST,601/8914/9,CCEA Level 3 Advanced GCE in Software Systems Development,CCEA,5,A,Own School,Limavady Grammar School,2410048,CS,14,11
ST,601/8914/9,CCEA Level 3 Advanced GCE in Software Systems Development,CCEA,5,A,Own School,Coleraine Grammar School,3420317,CS,14,7
ST,601/8914/9,CCEA Level 3 Advanced GCE in Software Systems Development,CCEA,5,A,Own School,St Ronan's College,5420314,CS,14,7
ST,601/8914/9,CCEA Level 3 Advanced GCE in Software Systems Development,CCEA,5,A,Own School,St Patrick's Grammar (Armagh),5420268,CS,14,7
ST,601/8914/9,CCEA Level 3 Advanced GCE in Software Systems Development,CCEA,5,A,Own School,Wallace High School,4420051,CS,14,14
ST,601/8914/9,CCEA Level 3 Advanced GCE in Software Systems Development,CCEA,5,A,Own School,Banbridge Academy,5410013,CS,14,16
ST,601/8914/9,CCEA Level 3 Advanced GCE in Software Systems Development,CCEA,5,A,Own School,Grosvenor Grammar School,1410079,CS,14,14
ST,601/8914/9,CCEA Level 3 Advanced GCE in Software Systems Development,CCEA,5,A,Collaboration with other school,"Royal School, Armagh",5420263,CS,14,8
ST,601/8914/9,CCEA Level 3 Advanced GCE in Software Systems Development,CCEA,5,A,Collaboration with other school,Dromore High,5210064,CS,14,9
ST,601/8914/9,CCEA Level 3 Advanced GCE in Software Systems Development,CCEA,5,A,Collaboration with other school,St Patrick's Academy (Dungannon),5420304,CS,14,11
ST,601/8914/9,CCEA Level 3 Advanced GCE in Software Systems Development,CCEA,5,A,Collaboration with other school,St Patrick's College (Banbridge),5230076,CS,14,1
ST,601/8914/9,CCEA Level 3 Advanced GCE in Software Systems Development,CCEA,5,A,Own School,St Colman's College,5420062,CS,14,3
ST,601/8914/9,CCEA Level 3 Advanced GCE in Software Systems Development,CCEA,5,A,Own School,Lumen Christi College,2420287,CS,14,15
ST,601/8914/9,CCEA Level 3 Advanced GCE in Software Systems Development,CCEA,5,A,Own School,Christian Brothers Grammar (Omagh),2420064,CS,14,9
ST,601/8914/9,CCEA Level 3 Advanced GCE in Software Systems Development,CCEA,5,A,Own School,Slemish College,3260289,CS,14,14
ST,601/8914/9,CCEA Level 3 Advanced GCE in Software Systems Development,CCEA,5,A,Own School,St Louise's Comprehensive College,1230053,CS,14,4
ST,601/8914/9,CCEA Level 3 Advanced GCE in Software Systems Development,CCEA,5,A,Own School,Our Lady's Grammar School,5420060,CS,14,5
ST,601/8914/9,CCEA Level 3 Advanced GCE in Software Systems Development,CCEA,5,A,Own School,Loreto College,3420034,CS,14,7
ST,601/8914/9,CCEA Level 3 Advanced GCE in Software Systems Development,CCEA,5,A,Own School,St Mary's Grammar School,3420080,CS,14,5
ST,601/8914/9,CCEA Level 3 Advanced GCE in Software Systems Development,CCEA,5,A,Own School,Colaiste Feirste,1240291,CS,14,9
ST,601/8914/9,CCEA Level 3 Advanced GCE in Software Systems Development,CCEA,5,A,Collaboration with other school,St Patrick's High (Keady),5230187,CS,14,1
ST,601/8914/9,CCEA Level 3 Advanced GCE in Software Systems Development,CCEA,5,A,Collaboration with other school,St Catherine's College,5230218,CS,14,2
LLW,601/8844/3,OCN NI Level 3 Diploma in Information Technology Applications,OCN,5,A,Own School,Breda Academy,4210316,ICT,14,12
LLW,601/8844/3,OCN NI Level 3 Diploma in Information Technology Applications,OCN,5,A,Own School,St Malachy's High School (Castlewellan),4230211,ICT,14,8
ST,600/4231/X,OCR Level 3 Cambridge Technical Diploma in IT (QCF),OCR,5,A,Own School,St Genevieve's High,1230155,ICT,14,24
ST,600/4231/X,OCR Level 3 Cambridge Technical Diploma in IT (QCF),OCR,5,A,Own School,St Patrick's College,3230084,ICT,14,7
ST,600/4231/X,OCR Level 3 Cambridge Technical Diploma in IT (QCF),OCR,5,A,Own School,St Joseph's Grammar School,5420073,ICT,14,17
ST,601/7098/0,OCR Level 3 Cambridge Technical Extended Certificate in IT,OCR,5,A,Own School,St Malachy's High School (Castlewellan),4230211,ICT,14,5
ST,601/7098/0,OCR Level 3 Cambridge Technical Extended Certificate in IT,OCR,5,A,Own School,St Joseph's College,1230275,ICT,14,20
ST,601/7098/0,OCR Level 3 Cambridge Technical Extended Certificate in IT,OCR,5,A,Own School,Cullybackey College,3210172,ICT,14,8
ST,601/7098/0,OCR Level 3 Cambridge Technical Extended Certificate in IT,OCR,5,A,Own School,Larne High School,3210038,ICT,14,8
ST,601/7098/0,OCR Level 3 Cambridge Technical Extended Certificate in IT,OCR,5,A,Own School,Strabane Academy,2410311,ICT,14,8
ST,601/7098/0,OCR Level 3 Cambridge Technical Extended Certificate in IT,OCR,5,A,Own School,Oakgrove Integrated College,2260276,ICT,14,18
ST,601/7098/0,OCR Level 3 Cambridge Technical Extended Certificate in IT,OCR,5,A,Own School,Mercy College,1230104,ICT,14,10
ST,601/7099/2,OCR Level 3 Cambridge Technical Introductory Diploma in IT,OCR,5,A,Own School,Belfast Model School for Girls,1210021,ICT,14,31
ST,601/7099/2,OCR Level 3 Cambridge Technical Introductory Diploma in IT,OCR,5,A,Collaboration with other school,Ballycastle High School,3210124,ICT,14,17
ST,601/7099/2,OCR Level 3 Cambridge Technical Introductory Diploma in IT,OCR,5,A,Collaboration with other school,Cross and Passion College,3230227,ICT,14,11
ST,601/7099/2,OCR Level 3 Cambridge Technical Introductory Diploma in IT,OCR,5,A,Own School,Strangford College,4260295,ICT,14,15
ST,601/7099/2,OCR Level 3 Cambridge Technical Introductory Diploma in IT,OCR,5,A,Own School,Fort Hill Integrated College,4250072,ICT,14,18
ST,601/7099/2,OCR Level 3 Cambridge Technical Introductory Diploma in IT,OCR,5,A,Own School,Magherafelt High School,3210035,ICT,14,10
ST,601/7099/2,OCR Level 3 Cambridge Technical Introductory Diploma in IT,OCR,5,A,Own School,Malone College,1260294,ICT,14,8
ST,600/4623/5,OCR Level 3 Cambridge Technical Introductory Diploma in IT (QCF),OCR,5,A,Own School,St Malachy's College,1420030,ICT,14,17
ST,600/4623/5,OCR Level 3 Cambridge Technical Introductory Diploma in IT (QCF),OCR,5,A,Own School,St Killian's College,3230310,ICT,14,13
ST,600/4623/5,OCR Level 3 Cambridge Technical Introductory Diploma in IT (QCF),OCR,5,A,Own School,St Paul's High (Bessbrook),5230157,ICT,14,15
ST,600/4623/5,OCR Level 3 Cambridge Technical Introductory Diploma in IT (QCF),OCR,5,A,Own School,North Coast Integrated College,3260290,ICT,14,12
ST,600/4623/5,OCR Level 3 Cambridge Technical Introductory Diploma in IT (QCF),OCR,5,A,Own School,St Patrick's Grammar (Downpatrick),4420088,ICT,14,41
ST,600/4623/5,OCR Level 3 Cambridge Technical Introductory Diploma in IT (QCF),OCR,5,A,Own School,Blessed Trinity College,1230321,ICT,14,46
ST,600/4623/5,OCR Level 3 Cambridge Technical Introductory Diploma in IT (QCF),OCR,5,A,Own School,St Patrick's Grammar (Armagh),5420268,ICT,14,10
ST,600/4623/5,OCR Level 3 Cambridge Technical Introductory Diploma in IT (QCF),OCR,5,A,Own School,Regent House,4410063,ICT,14,18
ST,600/4623/5,OCR Level 3 Cambridge Technical Introductory Diploma in IT (QCF),OCR,5,A,Own School,Parkhall College,3250207,ICT,14,16
ST,600/4623/5,OCR Level 3 Cambridge Technical Introductory Diploma in IT (QCF),OCR,5,A,Own School,St Ronan's College,5420314,ICT,14,22
ST,600/4623/5,OCR Level 3 Cambridge Technical Introductory Diploma in IT (QCF),OCR,5,A,Collaboration with other school,Carrickfergus Academy,3210323,ICT,14,27
ST,600/4623/5,OCR Level 3 Cambridge Technical Introductory Diploma in IT (QCF),OCR,5,A,Own School,Sperrin Integrated College,3260303,ICT,14,4
ST,600/4623/5,OCR Level 3 Cambridge Technical Introductory Diploma in IT (QCF),OCR,5,A,Own School,St Mark's High,5230135,ICT,14,38
ST,600/4623/5,OCR Level 3 Cambridge Technical Introductory Diploma in IT (QCF),OCR,5,A,Own School,St Pius X College,3230168,ICT,14,25
ST,600/4623/5,OCR Level 3 Cambridge Technical Introductory Diploma in IT (QCF),OCR,5,A,Own School,St Columb's College,2420054,ICT,14,18
ST,600/4623/5,OCR Level 3 Cambridge Technical Introductory Diploma in IT (QCF),OCR,5,A,Collaboration with other school,St Mary's High School (Downpatrick),4230023,ICT,14,11
ST,600/4623/5,OCR Level 3 Cambridge Technical Introductory Diploma in IT (QCF),OCR,5,A,Collaboration with other school,St Mary's Limavady,2230077,ICT,14,2
ST,600/4623/5,OCR Level 3 Cambridge Technical Introductory Diploma in IT (QCF),OCR,5,A,Own School,All Saints College,1230324,ICT,14,34
ST,600/4623/5,OCR Level 3 Cambridge Technical Introductory Diploma in IT (QCF),OCR,5,A,Own School,New-Bridge Integrated College,5260285,ICT,14,14
ST,600/4623/5,OCR Level 3 Cambridge Technical Introductory Diploma in IT (QCF),OCR,5,A,Own School,St Louis' Grammar School,5420045,ICT,14,18
ST,600/4623/5,OCR Level 3 Cambridge Technical Introductory Diploma in IT (QCF),OCR,5,A,Own School,Christian Brothers Grammar (Omagh),2420064,ICT,14,10
ST,600/4623/5,OCR Level 3 Cambridge Technical Introductory Diploma in IT (QCF),OCR,5,A,Own School,St Louise's Comprehensive College,1230053,ICT,14,33
ST,600/4623/5,OCR Level 3 Cambridge Technical Introductory Diploma in IT (QCF),OCR,5,A,Own School,De La Salle College,1230182,ICT,14,32
ST,600/4623/5,OCR Level 3 Cambridge Technical Introductory Diploma in IT (QCF),OCR,5,A,Own School,Assumption Grammar School,4420086,ICT,14,7
ST,600/4623/5,OCR Level 3 Cambridge Technical Introductory Diploma in IT (QCF),OCR,5,A,Own School,St Mary's High (Newry),5230108,ICT,14,13
ST,600/4623/5,OCR Level 3 Cambridge Technical Introductory Diploma in IT (QCF),OCR,5,A,Own School,St Dominic's Grammar School for Girls,1420029,ICT,14,7
ST,600/4623/5,OCR Level 3 Cambridge Technical Introductory Diploma in IT (QCF),OCR,5,A,Own School,Edmund Rice College,3230203,ICT,14,30
ST,600/4623/5,OCR Level 3 Cambridge Technical Introductory Diploma in IT (QCF),OCR,5,A,Collaboration with other school,St Patrick's College (Dungiven),2230144,ICT,14,13
ST,600/4623/5,OCR Level 3 Cambridge Technical Introductory Diploma in IT (QCF),OCR,5,A,Own School,St Cecilia's College,2230188,ICT,14,25
ST,600/4623/5,OCR Level 3 Cambridge Technical Introductory Diploma in IT (QCF),OCR,5,A,Collaboration with other school,Carrickfergus Grammar School,3410098,ICT,14,1
ST,600/4623/5,OCR Level 3 Cambridge Technical Introductory Diploma in IT (QCF),OCR,5,A,Own School,St Colman's High School,4230161,ICT,14,8
ST,600/4623/5,OCR Level 3 Cambridge Technical Introductory Diploma in IT (QCF),OCR,5,A,Own School,Loreto College,3420034,ICT,14,19
ST,600/4623/5,OCR Level 3 Cambridge Technical Introductory Diploma in IT (QCF),OCR,5,A,Own School,St Conor's College,3230318,ICT,14,8
ST,600/4623/5,OCR Level 3 Cambridge Technical Introductory Diploma in IT (QCF),OCR,5,A,Collaboration with other school,De La Salle High School,4230224,ICT,14,4
ST,600/4623/5,OCR Level 3 Cambridge Technical Introductory Diploma in IT (QCF),OCR,5,A,Own School,Priory Integrated College,4250024,ICT,14,19
ST,600/4623/5,OCR Level 3 Cambridge Technical Introductory Diploma in IT (QCF),OCR,5,A,Own School,Abbey Community College,3210313,ICT,14,24
ST,600/4623/5,OCR Level 3 Cambridge Technical Introductory Diploma in IT (QCF),OCR,5,A,Own School,Bangor Academy & Sixth Form College,4210296,ICT,14,61
ST,600/4623/5,OCR Level 3 Cambridge Technical Introductory Diploma in IT (QCF),OCR,5,A,Own School,Lisneal College,2210306,ICT,14,11
ST,600/4623/5,OCR Level 3 Cambridge Technical Introductory Diploma in IT (QCF),OCR,5,A,Collaboration with other school,Limavady High School,2210302,ICT,14,1
ST,600/4623/5,OCR Level 3 Cambridge Technical Introductory Diploma in IT (QCF),OCR,5,A,Collaboration with other school,Gaelcholaiste Dhoire,2240319,ICT,14,1
ST,500/9150/5,Pearson BTEC Level 3 Diploma in IT (QCF),Pearson,5,A,Own School,Royal Belfast Academical Institution,1420027,ICT,14,7
ST,603/0455/8,Pearson BTEC Level 3 National Diploma in Information Technology,Pearson,5,A,Own School,Belfast Boys' Model School,1210022,ICT,14,16
ST,601/7575/8,Pearson BTEC Level 3 National Extended Certificate in Information Technology,Pearson,5,A,Own School,Banbridge High,5210047,ICT,14,6
ST,601/7575/8,Pearson BTEC Level 3 National Extended Certificate in Information Technology,Pearson,5,A,FE,Down High School,4410085,ICT,14,10
ST,601/7575/8,Pearson BTEC Level 3 National Extended Certificate in Information Technology,Pearson,5,A,Own School,Castlederg High,2210065,ICT,14,3
ST,601/7575/8,Pearson BTEC Level 3 National Extended Certificate in Information Technology,Pearson,5,A,Own School,Coleraine Grammar School,3420317,ICT,14,13
ST,601/7575/8,Pearson BTEC Level 3 National Extended Certificate in Information Technology,Pearson,5,A,Own School,Cookstown High,5210230,ICT,14,8
ST,601/7575/8,Pearson BTEC Level 3 National Extended Certificate in Information Technology,Pearson,5,A,Own School,St Ciaran's College,5230152,ICT,14,11
ST,601/7575/8,Pearson BTEC Level 3 National Extended Certificate in Information Technology,Pearson,5,A,Own School,Dunclug College,3210208,ICT,14,19
ST,601/7575/8,Pearson BTEC Level 3 National Extended Certificate in Information Technology,Pearson,5,A,Own School,St Louis' Grammar School,3420010,ICT,14,16
ST,601/7575/8,Pearson BTEC Level 3 National Extended Certificate in Information Technology,Pearson,5,A,Own School,St Columbanus' College,4230107,ICT,14,12
ST,601/7575/8,Pearson BTEC Level 3 National Extended Certificate in Information Technology,Pearson,5,A,FE,Bangor Grammar School,4420015,ICT,14,4
ST,601/7575/8,Pearson BTEC Level 3 National Extended Certificate in Information Technology,Pearson,5,A,Own School,Glastry College,4210046,ICT,14,13
ST,601/7575/8,Pearson BTEC Level 3 National Extended Certificate in Information Technology,Pearson,5,A,Own School,Antrim Grammar School,3410209,ICT,14,12
ST,601/7575/8,Pearson BTEC Level 3 National Extended Certificate in Information Technology,Pearson,5,A,Own School,Glengormley High School,3210202,ICT,14,16
ST,601/7575/8,Pearson BTEC Level 3 National Extended Certificate in Information Technology,Pearson,5,A,Own School,Cambridge House Grammar School,3410297,ICT,14,13
ST,601/7575/8,Pearson BTEC Level 3 National Extended Certificate in Information Technology,Pearson,5,A,Own School,Christian Brothers' Abbey Grammar School,5420059,ICT,14,17
ST,601/7575/8,Pearson BTEC Level 3 National Extended Certificate in Information Technology,Pearson,5,A,Own School,Ashfield Girls' High School,1210014,ICT,14,17
ST,601/7575/8,Pearson BTEC Level 3 National Extended Certificate in Information Technology,Pearson,5,A,Own School,Lagan College,4260255,ICT,14,18
ST,601/7575/8,Pearson BTEC Level 3 National Extended Certificate in Information Technology,Pearson,5,A,Own School,Newry High,5210186,ICT,14,2
ST,601/7575/8,Pearson BTEC Level 3 National Extended Certificate in Information Technology,Pearson,5,A,Own School,St Patrick's College (Banbridge),5230076,ICT,14,9
ST,601/7575/8,Pearson BTEC Level 3 National Extended Certificate in Information Technology,Pearson,5,A,Own School,Victoria College,1420264,ICT,14,10
ST,601/7575/8,Pearson BTEC Level 3 National Extended Certificate in Information Technology,Pearson,5,A,Own School,Slemish College,3260289,ICT,14,15
ST,601/7575/8,Pearson BTEC Level 3 National Extended Certificate in Information Technology,Pearson,5,A,Own School,Foyle College,2420229,ICT,14,13
ST,601/7575/8,Pearson BTEC Level 3 National Extended Certificate in Information Technology,Pearson,5,A,Own School,Breda Academy,4210316,ICT,14,15
ST,601/7575/8,Pearson BTEC Level 3 National Extended Certificate in Information Technology,Pearson,5,A,Own School,Hazelwood Integrated College,1260269,ICT,14,30
ST,601/7575/8,Pearson BTEC Level 3 National Extended Certificate in Information Technology,Pearson,5,A,Own School,St Mary's Christian Brothers' Grammar School,1420021,ICT,14,11
ST,601/7575/8,Pearson BTEC Level 3 National Extended Certificate in Information Technology,Pearson,5,A,Own School,Belfast Boys' Model School,1210022,ICT,14,8
ST,601/7575/8,Pearson BTEC Level 3 National Extended Certificate in Information Technology,Pearson,5,A,Own School,St Michael's Grammar (Enniskillen),2420043,ICT,14,17
ST,500/9147/5,Pearson Edexcel BTEC Level 3 Subsidiary Diploma In IT (QCF),Pearson,5,A,Own School,Wellington College,1410270,ICT,14,8
ST,500/9147/5,Pearson Edexcel BTEC Level 3 Subsidiary Diploma In IT (QCF),Pearson,5,A,Own School,Ashfield Boys' High School,1210015,ICT,14,37
ST,500/9147/5,Pearson Edexcel BTEC Level 3 Subsidiary Diploma In IT (QCF),Pearson,5,A,Collaboration with other school,St Joseph's Boys' School,2230131,ICT,14,27
ST,500/9147/5,Pearson Edexcel BTEC Level 3 Subsidiary Diploma In IT (QCF),Pearson,5,A,Own School,Lisnagarvey High School,4210051,ICT,14,19
ST,500/9147/5,Pearson Edexcel BTEC Level 3 Subsidiary Diploma In IT (QCF),Pearson,5,A,Own School,Ulidia Integrated College,3260299,ICT,14,11
ST,500/9147/5,Pearson Edexcel BTEC Level 3 Subsidiary Diploma In IT (QCF),Pearson,5,A,Collaboration with other school,St Mary's College (Derry),2230081,ICT,14,2
ST,500/9147/5,Pearson Edexcel BTEC Level 3 Subsidiary Diploma In IT (QCF),Pearson,5,A,Own School,Royal Belfast Academical Institution,1420027,ICT,14,16
ST,500/9147/5,Pearson Edexcel BTEC Level 3 Subsidiary Diploma In IT (QCF),Pearson,5,A,Own School,Devenish College,2210312,ICT,14,16
ST,500/9147/5,Pearson Edexcel BTEC Level 3 Subsidiary Diploma In IT (QCF),Pearson,5,A,Collaboration with other school,St Joseph's College (Enniskillen),2230100,ICT,14,6
ST,500/9147/5,Pearson Edexcel BTEC Level 3 Subsidiary Diploma In IT (QCF),Pearson,5,A,Own School,Sacred Heart College,2230298,ICT,14,27
ST,500/9147/5,Pearson Edexcel BTEC Level 3 Subsidiary Diploma In IT (QCF),Pearson,5,A,Collaboration with other school,Erne Integrated College,2260280,ICT,14,2
ST,603/2152/0,WJEC Level 3 Advanced GCE in Information and Communication Technology,WJEC,5,A,Own School,St Brigid's College (Derry),2230225,ICT,14,11
ST,603/2152/0,WJEC Level 3 Advanced GCE in Information and Communication Technology,WJEC,5,A,Own School,Larne Grammar School,3420046,ICT,14,39
ST,601/8301/9,AQA Level 1 Level 2 GCSE (9-1) in Computer Science,AQA,4,A,Own School,Sullivan Upper School,4420044,CS,11,25
ST,601/8301/9,AQA Level 1 Level 2 GCSE (9-1) in Computer Science,AQA,4,A,Own School,St Patrick's Grammar (Downpatrick),4420088,CS,11,20
ST,601/8301/9,AQA Level 1 Level 2 GCSE (9-1) in Computer Science,AQA,4,A,Collaboration with other school,Cross and Passion College,3230227,CS,11,9
ST,601/8355/X,OCR Level 1 Level 2 GCSE (9-1) in Computer Science,OCR,4,A,Own School,"Royal School, Dungannon",5420260,CS,11,27
ST,601/8355/X,OCR Level 1 Level 2 GCSE (9-1) in Computer Science,OCR,4,A,Own School,Banbridge Academy,5410013,CS,11,27
ST,601/8355/X,OCR Level 1 Level 2 GCSE (9-1) in Computer Science,OCR,4,A,Own School,Belfast Model School for Girls,1210021,CS,11,107
ST,601/8355/X,OCR Level 1 Level 2 GCSE (9-1) in Computer Science,OCR,4,A,Own School,St Colman's College,5420062,CS,11,15
ST,601/8355/X,OCR Level 1 Level 2 GCSE (9-1) in Computer Science,OCR,4,A,Own School,"Our Lady and St Patrick's College, Knock",4420259,CS,11,26
ST,601/8355/X,OCR Level 1 Level 2 GCSE (9-1) in Computer Science,OCR,4,A,Own School,St Louis' Grammar School,3420010,CS,11,32
ST,601/8355/X,OCR Level 1 Level 2 GCSE (9-1) in Computer Science,OCR,4,A,Own School,Belfast High School,3420077,CS,11,23
ST,601/8355/X,OCR Level 1 Level 2 GCSE (9-1) in Computer Science,OCR,4,A,Own School,Belfast Royal Academy,1420028,CS,11,58
ST,601/8355/X,OCR Level 1 Level 2 GCSE (9-1) in Computer Science,OCR,4,A,Own School,St Mary's Christian Brothers' Grammar School,1420021,CS,11,17
ST,601/8355/X,OCR Level 1 Level 2 GCSE (9-1) in Computer Science,OCR,4,A,Own School,Rathmore,1420095,CS,11,45
ST,601/8355/X,OCR Level 1 Level 2 GCSE (9-1) in Computer Science,OCR,4,A,Own School,St Killian's College,3230310,CS,11,16
ST,601/8291/X,WJEC Eduqas Level 1 Level 2 GCSE (9-1) in Computer Science,WJEC,4,A,Own School,St Malachy's College,1420030,CS,11,26
ST,601/8291/X,WJEC Eduqas Level 1 Level 2 GCSE (9-1) in Computer Science,WJEC,4,A,Own School,Lagan College,4260255,CS,11,22
ST,601/8291/X,WJEC Eduqas Level 1 Level 2 GCSE (9-1) in Computer Science,WJEC,4,A,Own School,Antrim Grammar School,3410209,CS,11,21
ST,601/8291/X,WJEC Eduqas Level 1 Level 2 GCSE (9-1) in Computer Science,WJEC,4,A,Own School,St Malachy's High School (Castlewellan),4230211,CS,11,14
ST,601/8301/9,AQA Level 1 Level 2 GCSE (9-1) in Computer Science,AQA,4,A,Own School,Sullivan Upper School,4420044,CS,12,40
ST,601/8301/9,AQA Level 1 Level 2 GCSE (9-1) in Computer Science,AQA,4,A,Collaboration with other school,Ballycastle High School,3210124,CS,12,16
ST,601/8355/X,OCR Level 1 Level 2 GCSE (9-1) in Computer Science,OCR,4,A,Own School,Bangor Grammar School,4420015,CS,12,24
ST,601/8355/X,OCR Level 1 Level 2 GCSE (9-1) in Computer Science,OCR,4,A,Own School,Rathmore,1420095,CS,12,35
ST,601/8355/X,OCR Level 1 Level 2 GCSE (9-1) in Computer Science,OCR,4,A,Own School,"Royal School, Dungannon",5420260,CS,12,17
ST,601/8355/X,OCR Level 1 Level 2 GCSE (9-1) in Computer Science,OCR,4,A,Own School,Banbridge Academy,5410013,CS,12,25
ST,601/8355/X,OCR Level 1 Level 2 GCSE (9-1) in Computer Science,OCR,4,A,Own School,St Colman's College,5420062,CS,12,11
ST,601/8355/X,OCR Level 1 Level 2 GCSE (9-1) in Computer Science,OCR,4,A,Own School,"Our Lady and St Patrick's College, Knock",4420259,CS,12,29
ST,601/8355/X,OCR Level 1 Level 2 GCSE (9-1) in Computer Science,OCR,4,A,Own School,St Louis' Grammar School,3420010,CS,12,21
ST,601/8355/X,OCR Level 1 Level 2 GCSE (9-1) in Computer Science,OCR,4,A,Own School,Belfast High School,3420077,CS,12,19
ST,601/8355/X,OCR Level 1 Level 2 GCSE (9-1) in Computer Science,OCR,4,A,Own School,Belfast Royal Academy,1420028,CS,12,52
ST,601/8355/X,OCR Level 1 Level 2 GCSE (9-1) in Computer Science,OCR,4,A,Own School,Belfast Model School for Girls,1210021,CS,12,35
ST,601/8291/X,WJEC Eduqas Level 1 Level 2 GCSE (9-1) in Computer Science,WJEC,4,A,Own School,St Malachy's College,1420030,CS,12,40
ST,601/8291/X,WJEC Eduqas Level 1 Level 2 GCSE (9-1) in Computer Science,WJEC,4,A,Own School,Antrim Grammar School,3410209,CS,12,16
ST,601/8291/X,WJEC Eduqas Level 1 Level 2 GCSE (9-1) in Computer Science,WJEC,4,A,Own School,Lagan College,4260255,CS,12,15
ST,601/4569/9,AQA Level 3 Advanced GCE in Computer Science,AQA,5,G,Own School,Methodist College,1420022,CS,13,8
ST,601/4569/9,AQA Level 3 Advanced GCE in Computer Science,AQA,5,G,Own School,Sullivan Upper School,4420044,CS,13,12
ST,601/4569/9,AQA Level 3 Advanced GCE in Computer Science,AQA,5,G,Own School,Dalriada School,3420012,CS,13,15
ST,601/4911/5,OCR Level 3 Advanced GCE in Computer Science,OCR,5,G,Own School,"Royal School, Dungannon",5420260,CS,13,5
ST,601/4911/5,OCR Level 3 Advanced GCE in Computer Science,OCR,5,G,Own School,St Mary's Christian Brothers' Grammar School,1420021,CS,13,10
ST,601/4911/5,OCR Level 3 Advanced GCE in Computer Science,OCR,5,G,Own School,Bangor Grammar School,4420015,CS,13,12
ST,601/5391/X,WJEC Level 3 Advanced Subsidiary GCE in Computer Science,WJEC,5,G,Own School,Christian Brothers' Abbey Grammar School,5420059,CS,13,9
ST,601/5391/X,WJEC Level 3 Advanced Subsidiary GCE in Computer Science,WJEC,5,G,Own School,Portadown College,5410067,CS,13,8
ST,601/5391/X,WJEC Level 3 Advanced Subsidiary GCE in Computer Science,WJEC,5,G,Own School,Belfast High School,3420077,CS,13,7
ST,601/5391/X,WJEC Level 3 Advanced Subsidiary GCE in Computer Science,WJEC,5,G,Own School,St Louis' Grammar School,3420010,CS,13,17
ST,601/5391/X,WJEC Level 3 Advanced Subsidiary GCE in Computer Science,WJEC,5,G,Own School,Royal Belfast Academical Institution,1420027,CS,13,13
ST,601/5391/X,WJEC Level 3 Advanced Subsidiary GCE in Computer Science,WJEC,5,G,Own School,Ballyclare High School (Grammar),3410008,CS,13,5
ST,601/5391/X,WJEC Level 3 Advanced Subsidiary GCE in Computer Science,WJEC,5,G,Own School,Antrim Grammar School,3410209,CS,13,5
ST,601/5391/X,WJEC Level 3 Advanced Subsidiary GCE in Computer Science,WJEC,5,G,Own School,"Our Lady and St Patrick's College, Knock",4420259,CS,13,12
ST,601/5391/X,WJEC Level 3 Advanced Subsidiary GCE in Computer Science,WJEC,5,G,Own School,Rathmore,1420095,CS,13,15
ST,601/5391/X,WJEC Level 3 Advanced Subsidiary GCE in Computer Science,WJEC,5,G,Own School,Assumption Grammar School,4420086,CS,13,5
ST,601/4569/9,AQA Level 3 Advanced GCE in Computer Science,AQA,5,G,Own School,Sullivan Upper School,4420044,CS,14,4
ST,601/4569/9,AQA Level 3 Advanced GCE in Computer Science,AQA,5,G,Own School,Dalriada School,3420012,CS,14,3
ST,601/4569/9,AQA Level 3 Advanced GCE in Computer Science,AQA,5,G,Own School,St Patrick's Grammar (Downpatrick),4420088,CS,14,3
ST,601/4911/5,OCR Level 3 Advanced GCE in Computer Science,OCR,5,G,Own School,"Royal School, Dungannon",5420260,CS,14,4
ST,601/4911/5,OCR Level 3 Advanced GCE in Computer Science,OCR,5,G,Own School,St Mary's Christian Brothers' Grammar School,1420021,CS,14,19
ST,601/4911/5,OCR Level 3 Advanced GCE in Computer Science,OCR,5,G,Own School,Bangor Grammar School,4420015,CS,14,7
ST,601/5345/3,WJEC Level 3 Advanced GCE in Computer Science,WJEC,5,G,Own School,Antrim Grammar School,3410209,CS,14,1
ST,601/5345/3,WJEC Level 3 Advanced GCE in Computer Science,WJEC,5,G,Own School,Christian Brothers' Abbey Grammar School,5420059,CS,14,9
ST,601/5345/3,WJEC Level 3 Advanced GCE in Computer Science,WJEC,5,G,Own School,Assumption Grammar School,4420086,CS,14,4
ST,601/5345/3,WJEC Level 3 Advanced GCE in Computer Science,WJEC,5,G,Own School,"Our Lady and St Patrick's College, Knock",4420259,CS,14,16
ST,601/5345/3,WJEC Level 3 Advanced GCE in Computer Science,WJEC,5,G,Own School,Ballyclare High School (Grammar),3410008,CS,14,7
ST,601/5345/3,WJEC Level 3 Advanced GCE in Computer Science,WJEC,5,G,Own School,Portadown College,5410067,CS,14,12
ST,601/5345/3,WJEC Level 3 Advanced GCE in Computer Science,WJEC,5,G,Own School,St Louis' Grammar School,3420010,CS,14,11
ST,601/5345/3,WJEC Level 3 Advanced GCE in Computer Science,WJEC,5,G,Own School,Rathmore,1420095,CS,14,8
ST,601/5345/3,WJEC Level 3 Advanced GCE in Computer Science,WJEC,5,G,Collaboration with other school,Campbell College,1420020,CS,14,4
ST,601/5345/3,WJEC Level 3 Advanced GCE in Computer Science,WJEC,5,G,Own School,Royal Belfast Academical Institution,1420027,CS,14,13
ST,601/5345/3,WJEC Level 3 Advanced GCE in Computer Science,WJEC,5,G,Own School,Belfast High School,3420077,CS,14,5
ST,601/5345/3,WJEC Level 3 Advanced GCE in Computer Science,WJEC,5,G,Collaboration with other school,Strathearn School,1420089,CS,14,1
ST,601/5345/3,WJEC Level 3 Advanced GCE in Computer Science,WJEC,5,G,Own School,Aquinas Grammar,1420277,CS,14,10